agency_id,route_id,route_short_name,route_long_name,route_type
33,1519,135 A,135 A A,3
33,1520,135 A,135 A A,3
33,1521,135 A,135 A R,3
33,1522,135 A,135 A R,3
33,1523,135 A,135 A R,3
33,1524,135 A,135 A R,3
33,1525,135 B,135 B A,3
33,1526,136 A,136 A A,3
33,1527,136 A,136 A A,3
33,1528,136 A,136 A A,3
33,1529,136 A,136 A A,3
33,1533,136 A,136 A A,3
33,1535,136 A,136 A A,3
33,1530,136 A,136 A R,3
33,1531,136 A,136 A R,3
33,1532,136 A,136 A R,3
33,1534,136 A,136 A R,3
33,1536,136 B,136 B A,3
33,1537,136 B,136 B A,3
33,1538,136 B,136 B A,3
33,1539,136 B,136 B A,3
33,1540,136 B,136 B R,3
33,1541,136 B,136 B R,3
33,1543,136 C,136 C A,3
33,1544,136 C,136 C A,3
33,1542,136 C,136 C R,3
33,1545,136 D,136 D A,3
33,1546,136 D,136 D A,3
33,1547,136 D,136 D R,3
33,1548,136 E,136 E R,3
33,1549,136 E,136 E R,3
33,1550,136 E,136 E R,3
33,1551,136 E,136 E R,3
33,1552,136 E,136 E R,3
33,1554,136 F,136 F A,3
33,1553,136 F,136 F R,3
33,1555,136 G,136 G A,3
33,1556,136 G,136 G R,3
33,1557,136 H,136 H A,3
33,1558,137 A,137 A A,3
33,1559,137 A,137 A A,3
33,1560,137 A,137 A A,3
33,1561,137 A,137 A A,3
33,1563,137 A,137 A R,3
33,1564,137 A,137 A R,3
33,1565,137 A,137 A R,3
33,4476,137 A,137 A R,3
33,1566,137 B,137 B A,3
33,4475,137 B,137 B A,3
33,1568,137 B,137 B R,3
33,1570,137 C,137 C A,3
33,4474,137 C,137 C A,3
33,1572,137 C,137 C R,3
33,1573,137 D,137 D A,3
33,7744,137 D,137 D A,3
33,1577,138 A,138 A A,3
33,1578,138 A,138 A A,3
33,1587,138 A,138 A A,3
33,1588,138 A,138 A A,3
33,1590,138 A,138 A A,3
33,1575,138 A,138 A R,3
33,1576,138 A,138 A R,3
33,1583,138 A,138 A R,3
33,1589,138 a,138 a R,3
33,1591,138 a,138 a R,3
33,1593,138 A,138 A R,3
33,1594,138 B,138 B A,3
33,1595,138 B,138 B R,3
33,1596,138 C,138 C A,3
33,1597,138 C,138 C A,3
33,1598,138 C,138 C R,3
33,1599,138 C,138 C R,3
33,1602,138 D,138 D A,3
33,1603,138 D,138 D A,3
33,1606,138 D,138 D A,3
33,1605,138 D,138 D R,3
33,1607,138 E,138 E A,3
33,1609,138 E,138 E A,3
33,1612,138 E,138 E A,3
33,1608,138 E,138 E R,3
33,1610,138 E,138 E R,3
33,1611,138 E,138 E R,3
33,1613,138 F,138 F A,3
33,1614,138 F,138 F R,3
33,1615,138 F,138 F R,3
33,1617,138 G,138 G A,3
33,1620,138 G,138 G A,3
33,1618,138 G,138 G R,3
33,1622,138 G,138 G R,3
33,1623,138 H,138 H A,3
33,1624,138 H,138 H R,3
33,1625,138 H,138 H R,3
33,1627,138 I,138 I A,3
33,1630,138 I,138 I A,3
33,1626,138 I,138 I R,3
33,5990,138 I,138 I R,3
33,1629,138 I,138 I R,3
33,1631,138 J,138 J A,3
33,1633,138 K,138 K A,3
33,1634,138 K,138 K R,3
33,1635,139 A,139 A A,3
33,1636,139 A,139 A A,3
33,1638,139 A,139 A A,3
33,1640,139 A,139 A R,3
33,1641,139 B,139 B A,3
33,1642,139 B,139 B R,3
33,4990,139 B,139 B R,3
33,1644,139 C,139 C R,3
33,1647,139 D,139 D A,3
33,1648,139 F,139 F R,3
33,4988,139 F,139 F R,3
33,4989,139 F,139 F R,3
33,5061,139 G,139 G R,3
33,1651,140 A,140 A A,3
33,1652,140 A,140 A A,3
33,1653,140 A,140 A R,3
33,1654,140 B,140 B A,3
33,1655,140 B,140 B A,3
33,1656,140 B,140 B A,3
33,1657,140 B,140 B A,3
33,1658,140 B,140 B R,3
33,1659,140 B,140 B R,3
33,1660,140 B,140 B R,3
33,1661,140 B,140 B R,3
33,1663,140 C,140 C A,3
33,1664,140 C,140 C R,3
33,1665,140 C,140 C R,3
33,1666,140 D,140 D A,3
33,1667,140 E,140 E A,3
33,7764,140 F,140 F A,3
33,7766,140 F,140 F R,3
33,6272,141 A,141 A A,3
33,1668,141 A,141 A A,3
33,1670,141 A,141 A R,3
33,1671,141 A,141 A R,3
33,1672,141 B,141 B A,3
33,1673,141 B,141 B R,3
33,1674,141 C,141 C A,3
33,1675,141 C,141 C R,3
33,1676,141 D,141 D A,3
33,6352,141 E,141 E A,3
33,1677,142 A,142 A A,3
33,1678,142 A,142 A A,3
33,1679,142 A,142 A A,3
33,1680,142 A,142 A R,3
33,1681,142 A,142 A R,3
33,1682,142 A,142 A R,3
33,1683,142 B,142 B A,3
33,1684,142 B,142 B R,3
33,1685,142 C,142 C A,3
33,5628,142 C,142 C A,3
33,5633,142 C,142 C A,3
33,1694,142 C,142 C A,3
33,1695,142 C,142 C A,3
33,1688,142 C,142 C R,3
33,1689,142 C,142 C R,3
33,1690,142 C,142 C R,3
33,5652,142 C,142 C R,3
33,5668,142 C,142 C R,3
33,1696,142 D,142 D A,3
33,1697,142 D,142 D R,3
33,1698,142 D,142 D R,3
33,5667,142 D,142 D R,3
33,1700,142 E,142 E A,3
33,1701,142 E,142 E R,3
33,6374,142 E,142 E R,3
33,1703,142 F,142 F R,3
33,1704,142 F,142 F R,3
33,6371,142 F,142 F R,3
33,1706,142 G,142 G A,3
33,1707,142 G,142 G R,3
33,1708,142 H,142 H A,3
33,1709,142 H,142 H R,3
33,6383,142 I,142 I A,3
33,1710,142 I,142 I R,3
33,6373,142 L,142 L R,3
33,6381,142 M,142 M R,3
33,1712,143 A,143 A A,3
33,1713,143 A,143 A R,3
33,1716,143 B,143 B R,3
33,4050,143 C,143 C A,3
33,1718,143 C,143 C A,3
33,1719,143 C,143 C A,3
33,1720,143 C,143 C R,3
33,1721,143 C,143 C R,3
33,1722,143 D,143 D A,3
33,1723,143 D,143 D A,3
33,1725,143 D,143 D A,3
33,1724,143 D,143 D R,3
33,6395,143 E,143 E R,3
33,1727,143 E,143 E R,3
33,6392,143 F,143 F A,3
33,6396,143 F,143 F R,3
33,6397,143 G,143 G R,3
33,1728,144 A,144 A A,3
33,1729,144 A,144 A A,3
33,1730,144 A,144 A A,3
33,1731,144 A,144 A A,3
33,1732,144 A,144 A A,3
33,1738,144 A,144 A A,3
33,1733,144 A,144 A R,3
33,1734,144 A,144 A R,3
33,1735,144 A,144 A R,3
33,1736,144 A,144 A R,3
33,1739,144 B,144 B A,3
33,1740,144 B,144 B A,3
33,1741,144 B,144 B A,3
33,1743,144 C,144 C A,3
33,1744,144 C,144 C A,3
33,1753,144 C,144 C A,3
33,1745,144 C,144 C R,3
33,1746,144 C,144 C R,3
33,1747,144 C,144 C R,3
33,6169,144 C,144 C R,3
33,1749,144 C,144 C R,3
33,1750,144 C,144 C R,3
33,1751,144 C,144 C R,3
33,1752,144 C,144 C R,3
33,1754,144 D,144 D A,3
33,1755,144 D,144 D A,3
33,1756,144 D,144 D R,3
33,1757,144 D,144 D R,3
33,1758,144 E,144 E A,3
33,1760,144 F,144 F R,3
33,1761,144 G,144 G A,3
33,1762,144 G,144 G A,3
33,1763,144 G,144 G R,3
33,1765,144 H,144 H R,3
33,1767,144 K,144 K A,3
33,7683,144 k,144 k R,3
33,1768,144 L,144 L A,3
33,6165,144 M,144 M A,3
33,6316,144 N,144 N A,3
33,7684,144 O,144 O A,3
33,6350,144 P,144 P A,3
33,1772,145 A,145 A A,3
33,1773,145 A,145 A A,3
33,1774,145 A,145 A A,3
33,1775,145 A,145 A A,3
33,1776,145 A,145 A A,3
33,7307,145 A,145 A A,3
33,1777,145 A,145 A R,3
33,1780,145 A,145 A R,3
33,1781,145 A,145 A R,3
33,1782,145 A,145 A R,3
33,1784,145 B,145 B A,3
33,1783,145 B,145 B R,3
33,1785,145 C,145 C A,3
33,1786,146 A,146 A A,3
33,1787,146 A,146 A A,3
33,1788,146 A,146 A A,3
33,4014,146 A,146 A A,3
33,4015,146 A,146 A A,3
33,1789,146 A,146 A A,3
33,1790,146 A,146 A A,3
33,1791,146 A,146 A R,3
33,1792,146 A,146 A R,3
33,1793,146 A,146 A R,3
33,1794,146 A,146 A R,3
33,1795,146 A,146 A R,3
33,1800,146 B,146 B A,3
33,1799,146 B,146 B R,3
33,1801,146 C,146 C R,3
33,4016,146 C,146 C R,3
33,6416,146 D,146 D R,3
33,1805,149 A,149 A A,3
33,1806,149 A,149 A A,3
33,1807,149 A,149 A A,3
33,1803,149 A,149 A R,3
33,1804,149 A,149 A R,3
33,1808,149 B,149 B A,3
33,1809,149 B,149 B R,3
33,1810,149 B,149 B R,3
33,1811,149 C,149 C R,3
33,1814,150 A,150 A A,3
33,1812,150 A,150 A R,3
33,1816,152 A,152 A A,3
33,7688,152 B,152 B A,3
33,1817,152 B,152 B R,3
33,7689,152 C,152 C R,3
33,1818,153 A,153 A A,3
33,1819,153 A,153 A A,3
33,1820,153 A,153 A R,3
33,1821,154 A,154 A A,3
33,1822,154 B,154 B A,3
33,1823,154 B,154 B A,3
33,1824,154 B,154 B R,3
33,1825,155 A,155 A A,3
33,1826,155 A,155 A A,3
33,1827,155 A,155 A A,3
33,4030,155 A,155 A A,3
33,1828,155 A,155 A R,3
33,1829,155 A,155 A R,3
33,4007,155 A,155 A R,3
33,1830,155 A,155 A R,3
33,1831,155 A,155 A R,3
33,1835,155 B,155 B A,3
33,1837,157 A,157 A A,3
33,1838,157 A,157 A A,3
33,1839,157 A,157 A A,3
33,1840,157 A,157 A R,3
33,1841,157 A,157 A R,3
33,7685,157 B,157 B A,3
33,1842,157 B,157 B R,3
33,1843,157 C,157 C A,3
33,1845,157 C,157 C A,3
33,1846,157 C,157 C A,3
33,1851,157 C,157 C A,3
33,1852,157 C,157 C A,3
33,7305,157 C,157 C A,3
33,1848,157 C,157 C R,3
33,1849,157 C,157 C R,3
33,1872,157 F,157 F A,3
33,1874,157 F,157 F R,3
33,1875,157 G,157 G A,3
33,1876,157 G,157 G R,3
33,3938,157 H,157 H A,3
33,4004,157 H,157 H A,3
33,4085,157 H,157 H A,3
33,1877,157 H,157 H R,3
33,1878,157 H,157 H R,3
33,7737,157 I,157 I A,3
33,1879,157 I,157 I R,3
33,1880,157 J,157 J R,3
33,1881,157 K,157 K R,3
33,1882,157 K,157 K R,3
33,1883,157 L,157 L R,3
33,7759,157 L,157 L R,3
33,1884,157 L,157 L R,3
33,7794,157 M,157 M A,3
33,1885,157 M,157 M R,3
33,7784,157 N,157 N A,3
33,7791,157 N,157 N A,3
33,7782,157 N,157 N R,3
33,7792,157 N,157 N R,3
33,7793,157 N,157 N R,3
33,3941,157 Z,157 Z R,3
33,4005,157 Z,157 Z R,3
33,4097,157 Z,157 Z R,3
33,4198,157 Z,157 Z R,3
33,1886,158 A,158 A A,3
33,1887,158 A,158 A A,3
33,1892,158 A,158 A R,3
33,1895,158 A,158 A R,3
33,1896,158 B,158 B R,3
33,1897,158 C,158 C R,3
33,1898,158 C,158 C R,3
33,14,159 A,159 A A,3
33,15,159 A,159 A R,3
34,2502,160 A,160 A A,3
34,2524,160 A,160 A R,3
34,2550,161 A,161 A A,3
34,2593,161 A,161 A A,3
34,2611,161 A,161 A A,3
34,2717,161 A,161 A R,3
34,2736,161 A,161 A R,3
34,2741,161 A,161 A R,3
34,2742,161 A,161 A R,3
34,2744,161 A,161 A R,3
34,2745,161 A,161 A R,3
34,4053,161 A,161 A R,3
34,4056,161 A,161 A R,3
34,2748,162 A,162 A A,3
34,2751,162 A,162 A R,3
34,2753,162 B,162 B A,3
34,2758,162 B,162 B R,3
34,7322,164 164A,164 164A R,3
34,4020,164 2,164 2 A,3
34,7699,164 2,164 2 A,3
34,2552,164 A,164 A A,3
34,2557,164 A,164 A A,3
34,2566,164 B,164 B A,3
34,7720,164 B,164 B A,3
34,2575,164 B,164 B R,3
34,2587,164 B,164 B R,3
34,2503,166 A,166 A A,3
34,2536,166 A,166 A R,3
34,2553,167 A,167 A A,3
34,2558,167 A,167 A R,3
34,2560,167 B,167 B A,3
34,2562,167 B,167 B R,3
34,2563,168 A,168 A A,3
34,2568,168 A,168 A R,3
34,2577,169 A,169 A A,3
34,2582,169 A,169 A R,3
34,2585,170 A,170 A A,3
34,2588,170 A,170 A R,3
34,2762,171 A,171 A A,3
34,2831,171 A,171 A R,3
34,2592,172 A,172 A A,3
34,2599,172 A,172 A R,3
34,2604,173 A,173 A A,3
34,2715,173 A,173 A R,3
34,2836,173 B,173 B A,3
34,2838,173 B,173 B R,3
34,2718,174 A,174 A A,3
34,2720,174 A,174 A R,3
34,2725,174 A,174 A R,3
34,2844,175 A,175 A A,3
34,2852,175 A,175 A A,3
34,2857,175 A,175 A R,3
34,2861,175 A,175 A R,3
34,2737,176 A,176 A A,3
34,2746,176 A,176 A A,3
34,2757,176 A,176 A R,3
34,2761,176 A,176 A R,3
34,8360,20000 1,20000 1 A,3
8,2535,298 A,298 A A,3
8,2457,298 A,298 A A,3
8,2576,298 A,298 A A,3
8,2876,298 A,298 A R,3
8,2991,298 A,298 A R,3
8,2997,298 A,298 A R,3
8,3001,298 A,298 A R,3
8,2834,299 A,299 A A,3
8,2840,299 A,299 A A,3
8,2851,299 A,299 A R,3
8,2858,299 A,299 A R,3
8,2863,299 A,299 A R,3
8,2406,300 A,300 A A,3
8,2427,300 A,300 A R,3
8,2437,300 B,300 B A,3
8,2441,300 B,300 B R,3
8,2590,301 A,301 A A,3
8,2802,301 A,301 A R,3
8,2806,301 A,301 A R,3
8,6258,302 1,302 1 A,3
8,6260,302 1,302 1 R,3
8,2561,303 A,303 A A,3
8,2565,303 A,303 A A,3
8,2572,303 A,303 A R,3
8,2579,303 A,303 A R,3
8,2581,303 A,303 A R,3
8,2584,303 A,303 A R,3
8,6301,304 A,304 A A,3
8,6360,304 R,304 R R,3
8,2813,305 A,305 A A,3
8,2822,305 A,305 A R,3
8,2721,306 A,306 A A,3
8,2740,306 A,306 A R,3
8,2716,307 A,307 A A,3
8,2722,307 A,307 A R,3
8,2517,308 A,308 A A,3
8,6314,308 A,308 A A,3
8,2528,308 A,308 A R,3
8,6315,308 A,308 A R,3
8,2739,309 A,309 A A,3
8,2832,309 A,309 A R,3
8,2498,310 A,310 A A,3
8,2499,310 A,310 A A,3
8,2504,310 A,310 A R,3
8,2507,310 A,310 A R,3
8,2511,310 A,310 A R,3
8,2752,311 A,311 A A,3
8,2833,311 A,311 A R,3
8,2803,312 A,312 A A,3
8,2809,312 A,312 A R,3
8,2814,313 A,313 A A,3
8,2825,313 A,313 A R,3
8,2827,313 A,313 A R,3
8,2853,314 A,314 A A,3
8,2856,314 A,314 A A,3
8,3005,314 A,314 A R,3
8,2993,314 A,314 A R,3
8,2430,315 A,315 A A,3
8,2436,315 A,315 A R,3
9,2473,284 A,284 A A,3
9,2478,284 A,284 A A,3
9,2480,284 A,284 A A,3
9,2481,284 A,284 A A,3
9,2482,284 A,284 A A,3
9,6561,284 A,284 A A,3
9,2390,284 A,284 A R,3
9,2397,284 A,284 A R,3
9,2401,284 A,284 A R,3
9,2424,284 A,284 A R,3
9,2428,284 A,284 A R,3
9,2431,284 A,284 A R,3
9,2434,284 A,284 A R,3
9,6562,284 A,284 A R,3
9,2623,285 A,285 A A,3
9,2627,285 A,285 A A,3
9,2634,285 A,285 A A,3
9,2644,285 A,285 A A,3
9,4234,285 A,285 A A,3
9,4372,285 A,285 A A,3
9,4379,285 A,285 A A,3
9,4380,285 A,285 A A,3
9,2489,285 A,285 A R,3
9,2496,285 A,285 A R,3
9,4381,285 A,285 A R,3
9,4382,285 A,285 A R,3
9,4385,285 A,285 A R,3
9,4386,285 A,285 A R,3
9,4387,285 A,285 A R,3
9,71,285 B,285 B A,3
9,4253,285 B,285 B A,3
9,4358,285 B,285 B A,3
9,4359,285 B,285 B A,3
9,4366,285 B,285 B A,3
9,72,285 B,285 B R,3
9,4770,285 B,285 B R,3
9,4255,285 B,285 B R,3
9,4362,285 B,285 B R,3
9,58,285 C,285 C A,3
9,66,285 C,285 C A,3
9,67,285 C,285 C A,3
9,3659,285 C,285 C A,3
9,7052,285 C,285 C A,3
9,68,285 C,285 C R,3
9,69,285 C,285 C R,3
9,70,285 C,285 C R,3
9,4360,285 C,285 C R,3
9,5041,285 C,285 C R,3
9,2808,285 D,285 D A,3
9,2682,285 D,285 D R,3
9,2688,285 D,285 D R,3
9,2683,285 D,285 D R,3
9,4225,285 D,285 D R,3
9,2884,286 A,286 A A,3
9,2885,286 A,286 A A,3
9,2886,286 A,286 A A,3
9,2887,286 A,286 A A,3
9,2888,286 A,286 A A,3
9,2869,286 A,286 A R,3
9,2873,286 A,286 A R,3
9,2877,286 A,286 A R,3
9,2879,286 A,286 A R,3
9,2882,286 A,286 A R,3
9,2883,286 A,286 A R,3
9,2890,286 A,286 A R,3
9,4479,288  B,288  B A,3
9,2706,288  B,288  B A,3
9,2707,288  B,288  B A,3
9,2708,288  B,288  B A,3
9,2709,288  B,288  B A,3
9,2700,288  B,288  B A,3
9,2701,288  B,288  B A,3
9,2702,288  B,288  B A,3
9,2703,288  B,288  B A,3
9,2710,288  B,288  B A,3
9,3317,288 A,288 A A,3
9,2923,288 A,288 A A,3
9,3318,288 A,288 A A,3
9,401,288 A,288 A A,3
9,5539,288 A,288 A A,3
9,4425,288 A,288 A A,3
9,4426,288 A,288 A A,3
9,2924,288 A,288 A R,3
9,3319,288 A,288 A R,3
9,3321,288 A,288 A R,3
9,3324,288 A,288 A R,3
9,3330,288 A,288 A R,3
9,5584,288 A,288 A R,3
9,3332,288 A,288 A R,3
9,3336,288 A,288 A R,3
9,3337,288 A,288 A R,3
9,4418,288 A,288 A R,3
9,4423,288 A,288 A R,3
9,4489,288 B,288 B R,3
9,2765,288 B,288 B R,3
9,2768,288 B,288 B R,3
9,4853,288 B,288 B R,3
9,2771,288 B,288 B R,3
9,2772,288 B,288 B R,3
9,2773,288 B,288 B R,3
9,2775,288 B,288 B R,3
9,2776,288 B,288 B R,3
9,2777,288 B,288 B R,3
9,2690,289  A,289  A R,3
9,2691,289  A,289  A R,3
9,2685,289 A,289 A A,3
9,2686,289 A,289 A A,3
9,5826,290 A,290 A A,3
9,5828,290 A,290 A R,3
9,3309,290 A,290 A R,3
9,3416,292 A,292 A A,3
9,3427,292 A,292 A R,3
9,3345,293 A,293 A A,3
9,3347,293 A,293 A A,3
9,3350,293 A,293 A A,3
9,3356,293 A,293 A R,3
9,3358,293 A,293 A R,3
9,3360,293 A,293 A R,3
9,2679,295 A,295 A A,3
9,2681,295 A,295 A R,3
10,3961,271 271A,271 271A A,3
10,2255,271 A,271 A A,3
10,2287,271 A,271 A A,3
10,2309,271 A,271 A A,3
10,2322,271 A,271 A R,3
10,2361,271 A,271 A R,3
10,2508,272 A,272 A A,3
10,2518,272 A,272 A R,3
10,2541,273 A,273 A A,3
10,2555,273 A,273 A A,3
10,2573,273 A,273 A R,3
10,2589,273 A,273 A R,3
10,2594,274 A,274 A A,3
10,2602,274 A,274 A R,3
11,200,268 A,268 A A,3
11,2286,268 A,268 A A,3
11,2291,268 A,268 A A,3
11,2301,268 A,268 A A,3
11,2314,268 A,268 A A,3
11,2323,268 A,268 A A,3
11,2326,268 A,268 A A,3
11,2351,268 A,268 A A,3
11,2365,268 A,268 A R,3
11,2374,268 A,268 A R,3
11,2393,268 A,268 A R,3
11,2400,268 A,268 A R,3
11,2403,268 A,268 A R,3
11,2408,268 A,268 A R,3
11,2411,268 A,268 A R,3
11,2413,268 A,268 A R,3
11,2419,268 A,268 A R,3
11,2425,268 A,268 A R,3
11,2186,268 B,268 B A,3
11,2192,268 B,268 B R,3
11,2191,268 C,268 C A,3
11,2193,268 C,268 C R,3
11,2209,269 A,269 A A,3
11,2211,269 A,269 A A,3
11,2251,269 A,269 A A,3
11,2257,269 A,269 A A,3
11,2259,269 A,269 A A,3
11,2264,269 A,269 A A,3
11,2268,269 A,269 A A,3
11,2275,269 A,269 A A,3
11,2217,269 A,269 A R,3
11,2300,269 A,269 A R,3
11,2308,269 A,269 A R,3
11,2312,269 A,269 A R,3
11,2349,269 A,269 A R,3
11,7572,269 A,269 A R,3
11,7573,269 A,269 A R,3
11,7574,269 A,269 A R,3
11,7575,269 A,269 A R,3
11,7577,269 A,269 A R,3
11,7578,269 A,269 A R,3
11,2212,269 B,269 B A,3
11,2216,269 B,269 B A,3
11,2220,269 B,269 B A,3
11,2221,269 B,269 B R,3
11,2222,269 B,269 B R,3
11,2223,269 B,269 B R,3
11,2208,269 C,269 C A,3
11,2214,269 C,269 C A,3
11,2219,269 C,269 C A,3
11,2230,269 C,269 C A,3
11,5310,269 C,269 C A,3
11,2256,269 C,269 C R,3
11,2284,269 C,269 C R,3
11,2767,269 C,269 C R,3
11,2769,269 C,269 C R,3
11,2341,270 A,270 A A,3
11,2353,270 A,270 A A,3
11,2367,270 A,270 A R,3
11,2378,270 A,270 A R,3
11,2384,270 A,270 A R,3
12,2053,275 A,275 A A,3
12,2054,275 A,275 A A,3
12,2055,275 A,275 A R,3
12,2058,275 A,275 A R,3
12,2062,275 B,275 B A,3
12,7535,275 B,275 B A,3
12,7551,275 B,275 B A,3
12,7595,275 B,275 B A,3
12,2064,275 B,275 B R,3
12,7553,275 B,275 B R,3
12,7597,275 B,275 B R,3
12,2085,275 C,275 C A,3
12,2096,275 C,275 C A,3
12,4260,275 C,275 C A,3
12,2106,275 C,275 C A,3
12,2100,275 C,275 C A,3
12,4261,275 C,275 C A,3
12,2128,275 C,275 C R,3
12,2131,275 C,275 C R,3
12,2137,275 C,275 C R,3
12,2140,275 C,275 C R,3
12,2143,275 C,275 C R,3
12,2152,275 D,275 D A,3
12,7598,275 D,275 D A,3
12,2156,275 D,275 D R,3
12,7599,275 D,275 D R,3
12,2168,275 E,275 E A,3
12,4812,275 E,275 E A,3
12,2280,275 E,275 E A,3
12,2178,275 E,275 E A,3
12,2184,275 E,275 E R,3
12,2187,275 E,275 E R,3
12,2188,275 E,275 E R,3
12,2197,275 F,275 F A,3
12,2198,275 F,275 F R,3
12,2199,275 H,275 H A,3
12,2200,275 H,275 H R,3
12,2201,275 I,275 I A,3
12,2202,275 I,275 I R,3
12,2204,275 J,275 J A,3
12,2206,275 K,275 K A,3
12,2207,275 K,275 K R,3
12,2203,276 A,276 A A,3
12,2205,276 B,276 B A,3
12,4055,276 B,276 B A,3
12,2213,276 B,276 B R,3
12,4054,276 B,276 B R,3
12,2238,276 C,276 C A,3
12,2239,276 C,276 C A,3
12,2240,276 C,276 C A,3
12,2243,276 C,276 C A,3
12,2247,276 C,276 C A,3
12,2248,276 C,276 C A,3
12,2252,276 C,276 C R,3
12,2258,276 C,276 C R,3
12,2260,276 C,276 C R,3
12,2262,276 C,276 C R,3
12,2263,276 C,276 C R,3
12,4063,276 C,276 C R,3
12,2282,276 D,276 D A,3
12,5131,276 D,276 D A,3
12,5132,276 D,276 D A,3
12,5133,276 D,276 D A,3
12,5262,276 D,276 D A,3
12,2320,276 D,276 D R,3
12,4851,276 D,276 D R,3
12,4852,276 D,276 D R,3
12,2304,276 D,276 D R,3
12,4896,276 E,276 E A,3
12,2333,276 E,276 E A,3
12,4897,276 E,276 E A,3
12,2334,276 E,276 E R,3
12,2336,276 F,276 F A,3
12,2338,276 F,276 F R,3
12,2340,276 F,276 F R,3
12,2343,276 G,276 G A,3
12,2345,276 G,276 G R,3
12,2057,277 A,277 A A,3
12,2074,277 A,277 A A,3
12,2083,277 A,277 A A,3
12,2086,277 A,277 A A,3
12,2089,277 A,277 A A,3
12,5053,277 A,277 A A,3
12,7557,277 A,277 A A,3
12,2113,277 A,277 A R,3
12,2118,277 A,277 A R,3
12,2125,277 A,277 A R,3
12,2133,277 A,277 A R,3
12,2135,277 A,277 A R,3
12,5055,277 A,277 A R,3
12,7559,277 A,277 A R,3
12,2146,277 B,277 B A,3
12,2148,277 B,277 B A,3
12,7561,277 B,277 B A,3
12,2151,277 B,277 B R,3
12,2157,277 C,277 C A,3
12,2162,277 C,277 C R,3
12,2166,277 D,277 D A,3
12,2170,277 D,277 D R,3
12,2228,277 E,277 E A,3
12,2231,277 E,277 E R,3
12,2233,277 F,277 F A,3
12,2235,277 F,277 F R,3
12,4842,277 F,277 F R,3
12,2237,277 G,277 G R,3
12,2059,278 A,278 A A,3
12,2061,278 A,278 A A,3
12,2063,278 A,278 A R,3
12,2065,278 A,278 A R,3
12,2371,278 B,278 B A,3
12,2383,278 B,278 B A,3
12,5051,278 B,278 B A,3
12,2398,278 B,278 B R,3
12,2415,278 B,278 B R,3
12,2505,278 C,278 C A,3
12,2509,278 C,278 C A,3
12,2512,278 C,278 C R,3
12,2515,278 C,278 C R,3
12,2519,278 D,278 D A,3
12,2522,278 D,278 D A,3
12,7564,278 D,278 D A,3
12,2527,278 D,278 D R,3
12,2530,278 D,278 D R,3
12,7565,278 D,278 D R,3
12,2537,278 E,278 E A,3
12,2538,278 E,278 E R,3
12,2544,278 F,278 F A,3
12,2547,278 F,278 F R,3
12,2549,278 H,278 H A,3
12,2551,278 H,278 H R,3
12,1,279 A,279 A A,3
12,2,279 A,279 A R,3
12,3,279 B,279 B A,3
12,4206,279 B,279 B A,3
12,4,279 B,279 B R,3
12,4208,279 B,279 B R,3
12,73,279 C,279 C A,3
12,74,279 C,279 C A,3
12,4009,279 C,279 C A,3
12,4026,279 C,279 C A,3
12,75,279 C,279 C R,3
12,76,279 C,279 C R,3
12,4025,279 C,279 C R,3
12,4027,279 C,279 C R,3
12,256,280 A,280 A A,3
12,404,280 A,280 A A,3
12,418,280 A,280 A R,3
12,421,280 A,280 A R,3
12,2103,280 B,280 B A,3
12,428,280 B,280 B R,3
12,263,281 A,281 A A,3
12,434,281 A,281 A R,3
13,2269,316 A,316 A A,3
13,4869,316 A,316 A A,3
13,2276,316 A,316 A A,3
13,2273,316 A,316 A A,3
13,2281,316 A,316 A R,3
13,2283,316 A,316 A R,3
13,2285,316 A,316 A R,3
13,2298,317 A,317 A A,3
13,2299,317 A,317 A R,3
13,2310,318 A,318 A A,3
13,2313,318 A,318 A A,3
13,2315,318 A,318 A R,3
13,2317,318 A,318 A R,3
7,239,348 A,348 A A,3
7,245,348 A,348 A R,3
7,3726,348 A,348 A R,3
7,247,348 A,348 A R,3
7,512,349 A,349 A A,3
7,513,349 A,349 A R,3
7,2657,349 B,349 B A,3
7,2659,349 B,349 B R,3
7,112,350 A,350 A A,3
7,114,350 A,350 A R,3
7,400,351 A,351 A A,3
7,7655,351 A,351 A A,3
7,403,351 A,351 A R,3
7,7674,351 A,351 A R,3
7,406,352 A,352 A A,3
7,7548,352 A,352 A A,3
7,412,352 A,352 A R,3
7,301,353 A,353 A A,3
7,423,353 A,353 A A,3
7,425,353 A,353 A R,3
7,427,353 A,353 A R,3
7,188,354 A,354 A A,3
7,190,354 A,354 A R,3
27,215,366 B,366 B A,3
27,222,366 B,366 B R,3
27,224,366 C,366 C A,3
27,225,366 C,366 C R,3
27,278,366 D,366 D A,3
27,293,366 D,366 D R,3
27,125,366 E,366 E A,3
27,8022,366 E,366 E R,3
27,405,367 A,367 A A,3
27,407,367 A,367 A R,3
27,411,368 A,368 A A,3
27,415,368 A,368 A R,3
27,422,369 A,369 A A,3
27,8057,369 A,369 A A,3
27,431,369 A,369 A R,3
27,8058,369 A,369 A R,3
28,7880,330 A,330 A A,3
28,1267,330 A,330 A A,3
28,410,330 A,330 A A,3
28,8010,330 A,330 A A,3
28,8017,330 A,330 A R,3
28,429,330 A,330 A R,3
28,7887,330 A,330 A R,3
28,1413,330 B,330 B A,3
28,7778,330 B,330 B A,3
28,1224,330 B,330 B R,3
28,7779,330 B,330 B R,3
28,442,330 C,330 C A,3
28,7949,330 C,330 C A,3
28,7798,330 C,330 C A,3
28,8071,330 C,330 C A,3
28,8072,330 C,330 C A,3
28,443,330 C,330 C R,3
28,7952,330 C,330 C R,3
28,7800,330 C,330 C R,3
28,8073,330 C,330 C R,3
28,8074,330 C,330 C R,3
28,8075,330 C,330 C R,3
28,8029,330 D,330 D A,3
28,466,330 D,330 D A,3
28,7855,330 D,330 D A,3
28,7857,330 D,330 D A,3
28,468,330 D,330 D R,3
28,8030,330 D,330 D R,3
28,7860,330 D,330 D R,3
28,7861,330 D,330 D R,3
28,7692,330 E,330 E A,3
28,7865,330 E,330 E A,3
28,7866,330 E,330 E A,3
28,7867,330 E,330 E A,3
28,7693,330 E,330 E R,3
28,7868,330 E,330 E R,3
28,7870,330 E,330 E R,3
28,7872,330 E,330 E R,3
28,7694,330 F,330 F A,3
28,8088,330 F,330 F A,3
28,7876,330 F,330 F A,3
28,8090,330 F,330 F A,3
28,7697,330 F,330 F R,3
28,8089,330 F,330 F R,3
28,7874,330 F,330 F R,3
28,8092,330 F,330 F R,3
28,479,331 A,331 A A,3
28,480,331 A,331 A R,3
28,540,332 A,332 A A,3
28,562,332 A,332 A A,3
28,556,332 A,332 A A,3
28,7742,332 A,332 A A,3
28,7743,332 A,332 A A,3
28,541,332 A,332 A R,3
28,564,332 A,332 A R,3
28,1472,332 A,332 A R,3
28,7747,332 A,332 A R,3
28,671,332 B,332 B A,3
28,7749,332 B,332 B A,3
28,7750,332 B,332 B A,3
28,7751,332 B,332 B A,3
28,7752,332 B,332 B A,3
28,699,332 B,332 B R,3
28,7754,332 B,332 B R,3
28,7755,332 B,332 B R,3
28,7756,332 B,332 B R,3
28,2105,334 A,334 A A,3
28,8028,334 A,334 A A,3
28,2127,334 A,334 A A,3
28,2136,334 A,334 A A,3
28,7813,334 A,334 A A,3
28,7814,334 A,334 A A,3
28,7815,334 A,334 A A,3
28,7959,334 A,334 A R,3
28,7962,334 A,334 A R,3
28,7818,334 A,334 A R,3
28,7819,334 A,334 A R,3
28,2159,334 A,334 A R,3
28,7820,334 A,334 A R,3
28,2181,334 A,334 A R,3
28,2190,334 B,334 B A,3
28,2195,334 B,334 B R,3
28,1290,335 A,335 A A,3
28,1295,335 A,335 A A,3
28,1321,335 A,335 A R,3
28,1330,335 A,335 A R,3
28,7758,335 B,335 B A,3
28,7761,335 B,335 B R,3
28,539,337 1,337 1 A,3
28,2075,337 A,337 A A,3
28,2084,337 A,337 A R,3
28,2377,337 B,337 B A,3
28,2385,337 B,337 B R,3
28,517,338 A,338 A A,3
28,523,338 A,338 A R,3
28,531,339 A,339 A A,3
28,2404,339 A,339 A R,3
28,7789,339 B,339 B A,3
28,7790,339 B,339 B R,3
28,2409,340 A,340 A A,3
28,1402,340 A,340 A R,3
28,515,341 A,341 A A,3
28,516,341 A,341 A R,3
28,1276,342 A,342 A A,3
28,8033,342 A,342 A A,3
28,1385,342 A,342 A R,3
28,8034,342 A,342 A R,3
28,1937,343 A,343 A A,3
28,2422,343 A,343 A A,3
28,2433,343 A,343 A R,3
28,2446,344 A,344 A A,3
28,7787,344 A,344 A A,3
28,2462,344 A,344 A R,3
28,7788,344 A,344 A R,3
28,1439,345 A,345 A A,3
28,2470,345 A,345 A R,3
29,6987,321 A,321 A A,3
29,6989,321 A,321 A A,3
29,6990,321 A,321 A A,3
29,6993,321 A,321 A R,3
29,6994,321 A,321 A R,3
29,6995,321 A,321 A R,3
29,2042,321 B,321 B A,3
29,2037,321 B,321 B A,3
29,2050,321 B,321 B R,3
29,2048,321 B,321 B R,3
29,1373,322 A,322 A A,3
29,1940,322 A,322 A A,3
29,1943,322 A,322 A R,3
29,1946,322 A,322 A R,3
29,3624,322 B,322 B A,3
29,3625,322 B,322 B R,3
29,108,323 A,323 A A,3
29,109,323 A,323 A R,3
29,1955,325 A,325 A A,3
29,1948,325 A,325 A A,3
29,1982,325 A,325 A R,3
29,1987,325 A,325 A R,3
29,1971,325 A,325 A R,3
29,1994,325 B,325 B A,3
29,1995,325 B,325 B R,3
29,1998,325 C,325 C A,3
29,2001,325 C,325 C R,3
29,4238,326 A,326 A A,3
29,4239,326 A,326 A R,3
29,2006,326 B,326 B A,3
29,2011,326 B,326 B R,3
29,16,327 A,327 A A,3
29,17,327 A,327 A R,3
29,2010,328 A,328 A A,3
29,2014,328 A,328 A A,3
29,2020,328 A,328 A R,3
29,2022,328 A,328 A R,3
29,2040,329 A,329 A A,3
29,4227,329 A,329 A A,3
29,4228,329 A,329 A R,3
29,4230,329 A,329 A R,3
29,2044,329 B,329 B A,3
29,4233,329 B,329 B R,3
30,542,356 A,356 A A,3
30,546,356 A,356 A R,3
30,548,357 A,357 A A,3
30,551,357 A,357 A R,3
30,572,358 A,358 A A,3
30,573,358 A,358 A R,3
30,574,359 A,359 A A,3
30,3229,359 A,359 A A,3
30,3230,359 A,359 A A,3
30,3235,359 A,359 A R,3
30,3237,359 A,359 A R,3
30,762,360 A,360 A A,3
30,2875,360 A,360 A R,3
30,1438,361 A,361 A A,3
30,3239,361 A,361 A R,3
30,4600,362 A,362 A A,3
30,4614,362 A,362 A R,3
30,4611,362 C,362 C A,3
30,4570,362 C,362 C R,3
30,1303,363 A,363 A A,3
30,3242,363 A,363 A A,3
30,3244,363 A,363 A A,3
30,1306,363 A,363 A R,3
30,3248,363 A,363 A R,3
30,3249,363 A,363 A R,3
30,3233,364 A,364 A A,3
30,3234,364 A,364 A R,3
30,2616,365 A,365 A A,3
30,3245,365 A,365 A A,3
30,3246,365 A,365 A A,3
30,8246,365 A,365 A A,3
30,8251,365 A,365 A A,3
30,2619,365 A,365 A R,3
30,3254,365 A,365 A R,3
30,3258,365 A,365 A R,3
30,3259,365 A,365 A R,3
30,3261,365 A,365 A R,3
30,6267,365 C,365 C A,3
30,6268,365 C,365 C R,3
35,123,371 A,371 A A,3
35,126,371 A,371 A R,3
35,189,371 B,371 B A,3
35,197,371 B,371 B R,3
35,199,371 C,371 C A,3
35,206,371 C,371 C R,3
35,292,373 A,373 A A,3
35,218,373 A,373 A R,3
35,3305,373 A,373 A R,3
35,223,373 B,373 B A,3
35,3310,373 B,373 B A,3
35,3311,373 B,373 B A,3
35,398,373 B,373 B R,3
35,399,373 B,373 B R,3
35,230,373 C,373 C A,3
35,233,373 C,373 C R,3
35,248,374 A,374 A A,3
35,432,374 A,374 A A,3
35,280,374 A,374 A R,3
35,338,374 B,374 B A,3
35,402,374 B,374 B R,3
32,1217,319 A,319 A A,3
32,3501,319 A,319 A R,3
19,2265,266 A,266 A A,3
19,2266,266 A,266 A R,3
19,2617,267 A,267 A A,3
19,2618,267 A,267 A R,3
21,3595,212 A,212 A A,3
21,3599,212 A,212 A A,3
21,3603,212 A,212 A R,3
21,3604,212 B,212 B A,3
21,3605,212 B,212 B R,3
21,3606,212 C,212 C A,3
21,3608,212 C,212 C R,3
21,3607,212 D,212 D A,3
21,3609,212 D,212 D R,3
21,3586,216 A,216 A A,3
21,3587,216 A,216 A A,3
21,3643,216 A,216 A R,3
21,5104,216 A,216 A R,3
21,3619,216 B,216 B A,3
21,3621,216 B,216 B R,3
21,3637,217 A,217 A A,3
21,3639,217 A,217 A A,3
21,3641,217 A,217 A R,3
21,3644,217 A,217 A R,3
21,3632,217 B,217 B A,3
21,3634,217 B,217 B R,3
21,3636,217 C,217 C A,3
21,3638,217 C,217 C R,3
21,3649,217 D,217 D A,3
21,3646,217 D,217 D R,3
21,3640,217 E,217 E A,3
21,3642,217 E,217 E R,3
21,3617,218 A,218 A A,3
21,3618,218 A,218 A R,3
21,3645,219 A,219 A A,3
21,3647,219 A,219 A R,3
21,3648,219 B,219 B A,3
21,3650,219 C,219 C A,3
21,3651,219 D,219 D A,3
21,3652,219 E,219 E A,3
21,3653,219 F,219 F A,3
21,3654,219 F,219 F R,3
21,3655,219 G,219 G A,3
21,3656,219 G,219 G R,3
21,3657,219 H,219 H A,3
21,3658,219 H,219 H R,3
22,8178,177 2,177 2 A,3
22,8190,177 2,177 2 A,3
22,8179,177 2,177 2 R,3
22,8191,177 2,177 2 R,3
22,1332,177 A,177 A A,3
22,1361,177 A,177 A A,3
22,1340,177 A,177 A R,3
22,8093,177 A,177 A R,3
22,1372,179 A,179 A A,3
22,1375,179 A,179 A R,3
22,2072,180 A,180 A A,3
22,2091,180 A,180 A R,3
22,2109,181 A,181 A A,3
22,2114,181 A,181 A A,3
22,2117,181 A,181 A A,3
22,2132,181 A,181 A R,3
22,2138,181 A,181 A R,3
22,2145,181 A,181 A R,3
22,2154,182 A,182 A A,3
22,2161,182 A,182 A A,3
22,2163,182 A,182 A A,3
22,2167,182 A,182 A A,3
22,2179,182 A,182 A R,3
22,2182,182 A,182 A R,3
22,2183,182 A,182 A R,3
22,1339,183 A,183 A A,3
22,1354,184 A,184 A A,3
22,1356,184 A,184 A A,3
22,1358,184 A,184 A A,3
22,1363,184 A,184 A R,3
22,1366,184 A,184 A R,3
22,1368,184 A,184 A R,3
22,1343,185 A,185 A A,3
22,1346,185 A,185 A R,3
22,763,187 A,187 A A,3
22,770,187 A,187 A R,3
22,779,188 A,188 A A,3
22,1191,188 A,188 A R,3
22,1198,189 A,189 A A,3
22,1210,189 A,189 A R,3
22,1461,190 A,190 A A,3
22,1488,190 A,190 A A,3
22,1508,190 A,190 A A,3
22,2816,190 A,190 A A,3
22,2823,190 A,190 A A,3
22,8104,190 A,190 A A,3
22,2130,190 A,190 A R,3
22,2786,190 A,190 A R,3
22,2796,190 A,190 A R,3
22,2799,190 A,190 A R,3
22,2800,190 A,190 A R,3
22,1197,191 A,191 A A,3
22,1200,191 A,191 A A,3
22,1205,191 A,191 A A,3
22,1223,191 A,191 A R,3
22,1233,191 A,191 A R,3
22,1244,191 A,191 A R,3
22,1259,192 A,192 A A,3
22,1264,192 A,192 A A,3
22,1278,192 A,192 A A,3
22,1283,192 A,192 A A,3
22,1383,192 A,192 A R,3
22,1388,192 A,192 A R,3
22,1397,192 A,192 A R,3
22,1193,193 A,193 A A,3
22,1235,193 A,193 A R,3
22,738,195 A,195 A A,3
22,745,195 A,195 A A,3
22,752,195 A,195 A R,3
22,1257,195 A,195 A R,3
22,771,196 B,196 B A,3
22,3830,196 B,196 B R,3
22,579,223 A,223 A A,3
22,605,223 A,223 A R,3
22,581,223 B,223 B A,3
22,593,223 B,223 B A,3
22,604,223 B,223 B R,3
22,609,223 B,223 B R,3
22,8208,223 BB,223 BB A,3
22,8210,223 BB,223 BB A,3
22,8209,223 BB,223 BB R,3
22,8211,223 BB,223 BB R,3
22,518,224 A,224 A A,3
22,519,224 A,224 A R,3
22,576,225 A,225 A A,3
22,597,225 A,225 A R,3
22,8155,225 A,225 A R,3
22,582,226 A,226 A A,3
22,599,226 A,226 A R,3
22,583,227 A,227 A A,3
22,8186,227 A,227 A A,3
22,8184,227 A,227 A A,3
22,606,227 A,227 A R,3
22,8185,227 A,227 A R,3
22,577,228 A,228 A A,3
22,587,228 A,228 A R,3
22,578,229 A,229 A A,3
22,588,229 A,229 A R,3
22,2029,232 A,232 A A,3
22,2032,232 A,232 A A,3
22,2036,232 A,232 A A,3
22,2041,232 A,232 A R,3
22,2046,232 A,232 A R,3
22,2047,232 A,232 A R,3
22,1432,233 A,233 A A,3
22,1446,233 A,233 A R,3
22,1216,234 A,234 A A,3
22,1222,234 A,234 A A,3
22,1231,234 A,234 A R,3
22,1238,234 A,234 A R,3
22,1243,234 A,234 A R,3
22,626,235 A,235 A A,3
22,648,235 A,235 A R,3
22,631,236 A,236 A A,3
22,659,236 A,236 A A,3
22,662,236 A,236 A A,3
22,683,236 A,236 A R,3
22,692,236 A,236 A R,3
22,1322,237 A,237 A A,3
22,1326,237 A,237 A A,3
22,1328,237 A,237 A R,3
22,1329,237 A,237 A R,3
22,1333,237 A,237 A R,3
22,613,238 A,238 A A,3
22,616,238 A,238 A A,3
22,621,238 A,238 A R,3
22,622,238 A,238 A R,3
22,633,239 A,239 A A,3
22,643,239 A,239 A R,3
22,590,240 A,240 A A,3
22,594,240 A,240 A R,3
22,591,241 A,241 A A,3
22,595,241 A,241 A R,3
22,741,243 A,243 A A,3
22,761,243 A,243 A A,3
22,768,243 A,243 A A,3
22,776,243 A,243 A R,3
22,781,243 A,243 A R,3
22,784,243 A,243 A R,3
22,788,243 A,243 A R,3
22,1312,243 B,243 B A,3
22,1313,243 B,243 B A,3
22,1315,243 B,243 B A,3
22,1316,243 B,243 B A,3
22,1318,243 B,243 B R,3
22,1323,243 B,243 B R,3
22,1324,243 B,243 B R,3
22,1331,244 A,244 A A,3
22,1334,244 A,244 A A,3
22,1335,244 A,244 A A,3
22,1336,244 A,244 A A,3
22,1337,244 A,244 A A,3
22,6388,244 A,244 A A,3
22,1996,244 A,244 A R,3
22,2013,244 A,244 A R,3
22,2019,244 A,244 A R,3
22,2021,244 A,244 A R,3
22,2023,244 A,244 A R,3
22,2024,244 B,244 B A,3
22,2028,244 B,244 B R,3
22,6375,244 D,244 D R,3
22,1345,245 A,245 A A,3
22,1348,245 A,245 A A,3
22,1349,245 A,245 A A,3
22,1351,245 A,245 A R,3
22,1352,245 A,245 A R,3
22,1353,245 A,245 A R,3
22,2139,246 A,246 A A,3
22,2141,246 B,246 B A,3
22,2144,246 C,246 C A,3
22,2150,246 E,246 E R,3
22,2153,246 F,246 F R,3
22,38,247 A,247 A A,3
22,39,247 A,247 A A,3
22,40,247 A,247 A A,3
22,41,247 A,247 A R,3
22,42,247 A,247 A R,3
22,43,247 A,247 A R,3
22,44,247 A,247 A R,3
22,45,247 A,247 A R,3
22,46,247 A,247 A R,3
22,48,247 B,247 B A,3
22,49,247 B,247 B A,3
22,50,247 B,247 B A,3
22,51,247 B,247 B A,3
22,55,247 B,247 B R,3
22,56,247 B,247 B R,3
22,57,247 B,247 B R,3
22,84,247 C,247 C A,3
22,85,247 C,247 C A,3
22,86,247 C,247 C R,3
22,1503,248 A,248 A A,3
22,1511,248 A,248 A A,3
22,1516,248 A,248 A R,3
22,1947,248 A,248 A R,3
22,1209,250 A,250 A A,3
22,1214,250 A,250 A A,3
22,1225,250 A,250 A R,3
22,1229,250 A,250 A R,3
22,1199,250 B,250 B A,3
22,1206,250 B,250 B R,3
22,1272,262 A,262 A A,3
22,1392,262 A,262 A R,3
22,1195,263 A,263 A A,3
22,1203,263 A,263 A R,3
22,1180,264 A,264 A A,3
22,1181,264 A,264 A R,3
22,2165,265 A,265 A A,3
22,2169,265 B,265 B A,3
22,2171,265 C,265 C R,3
22,2175,265 D,265 D R,3
22,2176,265 E,265 E R,3
22,2067,376 A,376 A A,3
22,2068,376 A,376 A A,3
22,2070,376 A,376 A R,3
22,8163,376 A,376 A R,3
22,2033,377 A,377 A A,3
22,6390,377 A,377 A A,3
22,2039,377 A,377 A R,3
22,8194,377 A,377 A R,3
22,1245,377 B,377 B A,3
22,8135,377 B,377 B A,3
22,1253,377 B,377 B R,3
22,1215,377 C,377 C A,3
22,1236,377 C,377 C R,3
22,7203,377 D,377 D A,3
22,7204,377 D,377 D R,3
22,1466,377 E,377 E A,3
22,1479,377 E,377 E A,3
22,1493,377 E,377 E A,3
22,1498,377 E,377 E A,3
22,8138,377 E,377 E A,3
22,1506,377 E,377 E R,3
22,1512,377 E,377 E R,3
22,1944,377 E,377 E R,3
22,1248,377 F,377 F A,3
22,1250,377 F,377 F A,3
22,1252,377 F,377 F A,3
22,1255,377 F,377 F A,3
22,1261,377 F,377 F R,3
22,1266,377 F,377 F R,3
22,1270,377 F,377 F R,3
22,2354,378 A,378 A A,3
22,1407,378 B,378 B A,3
22,1421,378 B,378 B A,3
22,8133,378 B,378 B A,3
22,1320,378 C,378 C A,3
22,1999,379 A,379 A A,3
22,2008,379 A,379 A A,3
22,2017,379 A,379 A R,3
22,2025,379 A,379 A R,3
22,1338,380 A,380 A A,3
22,1341,380 A,380 A A,3
22,1342,380 A,380 A A,3
22,1344,380 A,380 A A,3
22,1347,380 A,380 A A,3
22,1350,380 A,380 A A,3
22,1939,380 A,380 A R,3
22,1942,380 A,380 A R,3
22,1945,380 A,380 A R,3
22,1949,380 A,380 A R,3
22,1355,380 B,380 B A,3
22,1357,380 B,380 B A,3
22,1359,380 B,380 B A,3
22,1360,380 B,380 B A,3
22,1362,380 B,380 B A,3
22,1364,380 B,380 B A,3
22,1365,380 B,380 B A,3
22,1957,380 B,380 B R,3
22,1963,380 B,380 B R,3
22,1965,380 B,380 B R,3
22,1969,380 B,380 B R,3
22,1972,380 B,380 B R,3
22,1977,380 B,380 B R,3
22,1367,380 C,380 C A,3
22,1980,380 C,380 C R,3
22,1369,380 D,380 D A,3
22,1370,380 D,380 D A,3
22,1371,380 D,380 D A,3
22,1374,380 D,380 D A,3
22,8109,380 D,380 D A,3
22,1986,380 D,380 D R,3
22,1990,380 D,380 D R,3
22,1993,380 D,380 D R,3
22,1997,380 D,380 D R,3
22,1442,381 A,381 A A,3
22,1450,381 A,381 A A,3
22,1467,381 A,381 A R,3
22,1486,381 A,381 A R,3
22,8110,381 A,381 A R,3
22,1941,382 A,382 A A,3
22,1952,382 A,382 A R,3
22,2027,383 A,383 A A,3
22,2035,383 A,383 A R,3
22,2052,383 B,383 B A,3
22,2056,383 B,383 B A,3
22,2060,383 B,383 B A,3
22,2076,383 B,383 B R,3
22,2077,383 B,383 B R,3
22,2080,383 B,383 B R,3
22,2090,383 C,383 C A,3
22,2097,383 C,383 C R,3
22,2116,383 D,383 D A,3
22,2120,383 D,383 D A,3
22,2124,383 D,383 D A,3
22,2142,383 D,383 D R,3
22,2147,383 D,383 D R,3
22,2158,383 E,383 E A,3
22,2172,383 E,383 E R,3
22,77,384 A,384 A A,3
22,78,384 A,384 A A,3
22,79,384 A,384 A A,3
22,80,384 A,384 A A,3
22,81,384 A,384 A A,3
22,82,384 A,384 A A,3
22,83,384 A,384 A A,3
22,88,384 A,384 A A,3
22,89,384 A,384 A A,3
22,90,384 A,384 A A,3
22,91,384 A,384 A A,3
22,92,384 A,384 A A,3
22,93,384 A,384 A A,3
22,94,384 A,384 A A,3
22,95,384 A,384 A A,3
22,96,384 A,384 A R,3
22,97,384 A,384 A R,3
22,98,384 A,384 A R,3
22,99,384 A,384 A R,3
22,100,384 A,384 A R,3
22,101,384 A,384 A R,3
22,102,384 A,384 A R,3
22,103,384 A,384 A R,3
22,104,384 A,384 A R,3
22,105,384 A,384 A R,3
22,106,384 A,384 A R,3
22,107,384 A,384 A R,3
22,110,384 A,384 A R,3
22,111,384 A,384 A R,3
22,1953,385 A,385 A A,3
22,1956,385 A,385 A A,3
22,1962,385 A,385 A A,3
22,1968,385 A,385 A A,3
22,1975,385 A,385 A A,3
22,1984,385 A,385 A A,3
22,2854,385 A,385 A R,3
22,2859,385 A,385 A R,3
22,2865,385 A,385 A R,3
22,2868,385 A,385 A R,3
22,2871,385 A,385 A R,3
22,1403,385 B,385 B A,3
22,1419,385 B,385 B R,3
22,1426,385 B,385 B R,3
22,1207,386 A,386 A R,3
22,1274,386 B,386 B A,3
22,1279,386 B,386 B A,3
22,1196,386 C,386 C A,3
22,1204,386 C,386 C A,3
22,1208,386 C,386 C A,3
22,1212,386 C,386 C A,3
22,1219,386 C,386 C R,3
22,1227,386 C,386 C R,3
22,1230,386 C,386 C R,3
22,1239,386 C,386 C R,3
22,1448,386 D,386 D A,3
22,1460,386 D,386 D A,3
22,1469,386 D,386 D R,3
22,1471,386 D,386 D R,3
22,665,387 A,387 A A,3
22,674,387 A,387 A A,3
22,687,387 A,387 A A,3
22,695,387 A,387 A A,3
22,701,387 A,387 A A,3
22,706,387 A,387 A A,3
22,735,387 A,387 A R,3
22,743,387 A,387 A R,3
22,767,387 A,387 A R,3
22,775,387 A,387 A R,3
22,785,388 A,388 A A,3
22,2134,388 A,388 A R,3
22,2069,390 A,390 A A,3
22,2071,390 A,390 A A,3
22,2078,390 A,390 A A,3
22,2743,390 A,390 A A,3
22,2747,390 A,390 A R,3
22,2749,390 A,390 A R,3
22,2750,390 A,390 A R,3
22,2754,390 A,390 A R,3
22,2756,390 A,390 A R,3
22,2759,390 A,390 A R,3
22,2760,390 A,390 A R,3
22,707,391 A,391 A A,3
22,717,391 A,391 A A,3
22,719,391 A,391 A A,3
22,727,391 A,391 A R,3
22,731,391 A,391 A R,3
22,732,391 A,391 A R,3
22,736,391 A,391 A R,3
22,748,392 A,392 A A,3
22,751,392 A,392 A A,3
22,772,392 A,392 A A,3
22,1390,392 A,392 A A,3
22,1405,392 A,392 A R,3
22,1414,392 A,392 A R,3
22,1415,392 A,392 A R,3
22,1416,392 A,392 A R,3
22,1423,392 A,392 A R,3
22,1425,392 A,392 A R,3
22,1429,392 B,392 B A,3
22,1435,392 B,392 B R,3
22,601,393 B,393 B A,3
22,607,393 B,393 B R,3
22,612,393 C,393 C A,3
22,620,393 C,393 C R,3
22,646,394 A,394 A A,3
22,651,394 A,394 A A,3
22,664,394 A,394 A A,3
22,679,394 A,394 A R,3
22,691,394 A,394 A R,3
22,8148,394 D,394 D A,3
22,627,394 D,394 D R,3
22,653,394 E,394 E A,3
22,656,394 E,394 E A,3
22,661,394 E,394 E R,3
22,666,394 E,394 E R,3
22,672,395 A,395 A A,3
22,681,395 A,395 A A,3
22,689,395 A,395 A R,3
22,694,395 A,395 A R,3
22,5,395 B,395 B A,3
22,6,395 B,395 B R,3
22,678,396 A,396 A A,3
22,685,396 A,396 A A,3
22,698,396 A,396 A R,3
22,702,396 A,396 A R,3
22,712,396 A,396 A R,3
22,718,396 A,396 A R,3
22,721,396 A,396 A R,3
22,734,396 B,396 B A,3
22,740,396 B,396 B A,3
22,750,396 B,396 B R,3
22,755,396 B,396 B R,3
22,758,396 B,396 B R,3
22,602,396 C,396 C A,3
22,610,396 C,396 C A,3
22,623,396 C,396 C A,3
22,657,396 C,396 C R,3
22,677,397 A,397 A A,3
22,693,397 A,397 A R,3
22,700,397 B,397 B A,3
22,704,397 B,397 B R,3
22,603,397 C,397 C A,3
22,611,397 C,397 C A,3
22,618,397 C,397 C R,3
22,628,398 A,398 A A,3
22,632,398 A,398 A A,3
22,2650,398 A,398 A R,3
22,2652,398 A,398 A R,3
22,663,398 B,398 B A,3
22,669,398 B,398 B A,3
22,654,398 B,398 B R,3
22,660,398 B,398 B R,3
22,600,399 A,399 A A,3
22,615,399 A,399 A A,3
22,629,399 A,399 A R,3
22,635,399 A,399 A R,3
22,1381,399 B,399 B A,3
22,1387,399 B,399 B R,3
22,1396,400 A,400 A A,3
22,6866,400 A,400 A R,3
22,1308,400 B,400 B A,3
22,1311,400 B,400 B R,3
22,737,401 A,401 A A,3
22,742,401 A,401 A A,3
22,760,401 A,401 A R,3
22,765,401 A,401 A R,3
22,709,401 B,401 B A,3
22,716,401 B,401 B A,3
22,722,401 B,401 B R,3
22,725,401 B,401 B R,3
22,729,401 B,401 B R,3
22,1979,401 C,401 C A,3
22,2985,401 C,401 C R,3
22,1258,402 A,402 A A,3
22,1262,402 A,402 A A,3
22,1269,402 A,402 A A,3
22,1275,402 A,402 A R,3
22,1280,402 A,402 A R,3
22,3064,402 B,402 B A,3
22,1169,403 B,403 B A,3
22,1170,403 B,403 B A,3
22,1172,403 B,403 B R,3
22,1173,403 B,403 B R,3
22,1399,404 A,404 A A,3
22,1404,404 A,404 A A,3
22,1406,404 A,404 A A,3
22,1411,404 A,404 A A,3
22,1976,404 A,404 A A,3
22,1983,404 A,404 A R,3
22,1991,404 A,404 A R,3
22,2004,404 A,404 A R,3
22,2015,404 A,404 A R,3
22,1256,404 B,404 B A,3
22,2043,404 B,404 B R,3
22,1273,404 D,404 D A,3
22,1281,404 D,404 D R,3
22,1201,405 A,405 A A,3
22,1211,405 A,405 A R,3
22,1234,405 B,405 B A,3
22,1246,405 B,405 B R,3
22,1251,405 B,405 B R,3
22,1220,405 C,405 C A,3
22,1228,405 C,405 C R,3
22,1398,406 A,406 A A,3
22,1409,406 A,406 A A,3
22,1418,406 A,406 A A,3
22,1420,406 A,406 A A,3
22,1424,406 A,406 A A,3
22,1431,406 A,406 A R,3
22,1441,406 A,406 A R,3
22,1445,406 A,406 A R,3
22,1451,406 A,406 A R,3
22,1459,406 A,406 A R,3
22,1465,406 A,406 A R,3
22,1480,407 A,407 A A,3
22,1489,407 A,407 A R,3
22,1500,408 A,408 A A,3
22,1507,408 A,408 A A,3
22,1514,408 A,408 A A,3
22,2362,408 A,408 A R,3
22,2369,408 A,408 A R,3
22,2370,408 A,408 A R,3
22,2155,409 A,409 A A,3
22,2160,409 A,409 A A,3
22,2164,409 A,409 A A,3
22,2173,409 A,409 A A,3
22,2177,409 A,409 A A,3
22,2180,409 A,409 A A,3
22,2724,409 A,409 A R,3
22,2728,409 A,409 A R,3
22,2730,409 A,409 A R,3
22,2731,409 A,409 A R,3
22,2734,409 A,409 A R,3
22,2735,409 A,409 A R,3
22,1447,409 B,409 B A,3
22,1449,409 B,409 B A,3
22,1454,409 B,409 B R,3
22,1455,409 B,409 B R,3
22,705,409 C,409 C A,3
22,710,409 C,409 C A,3
22,715,409 C,409 C A,3
22,720,409 C,409 C R,3
22,726,409 C,409 C R,3
22,730,409 C,409 C R,3
22,634,409 D,409 D A,3
22,638,409 D,409 D R,3
22,766,409 E,409 E A,3
22,773,409 E,409 E R,3
22,711,409 F,409 F A,3
22,714,409 F,409 F R,3
22,673,410 A,410 A A,3
22,676,410 A,410 A A,3
22,682,410 A,410 A R,3
22,684,410 A,410 A R,3
22,1430,411 A,411 A A,3
22,1434,411 A,411 A A,3
22,1443,411 A,411 A A,3
22,1453,411 A,411 A A,3
22,1457,411 A,411 A A,3
22,1463,411 A,411 A R,3
22,1468,411 A,411 A R,3
22,1470,411 A,411 A R,3
22,1476,411 A,411 A R,3
22,1478,411 A,411 A R,3
22,1481,411 A,411 A R,3
22,690,412 A,412 A A,3
22,697,412 A,412 A R,3
22,1386,413 A,413 A A,3
22,1395,413 A,413 A R,3
22,1400,413 A,413 A R,3
22,2003,414 A,414 A A,3
22,2009,414 A,414 A A,3
22,2018,414 A,414 A A,3
22,2092,414 A,414 A R,3
22,2098,414 A,414 A R,3
22,2102,414 A,414 A R,3
22,2104,414 A,414 A R,3
22,2108,414 A,414 A R,3
22,2112,414 A,414 A R,3
22,2115,414 A,414 A R,3
22,2121,414 A,414 A R,3
22,2394,414 B,414 B A,3
22,2405,414 B,414 B A,3
22,2412,414 B,414 B A,3
22,2414,414 B,414 B A,3
22,2418,414 B,414 B A,3
22,2423,414 B,414 B A,3
22,2432,414 B,414 B A,3
22,2435,414 B,414 B A,3
22,2444,414 B,414 B A,3
22,3021,414 B,414 B A,3
22,3023,414 B,414 B A,3
22,3026,414 B,414 B A,3
22,3262,414 B,414 B A,3
22,3264,414 B,414 B R,3
22,3265,414 B,414 B R,3
22,3268,414 B,414 B R,3
22,3271,414 B,414 B R,3
22,3276,414 B,414 B R,3
22,3277,414 B,414 B R,3
22,3278,414 B,414 B R,3
22,3279,414 B,414 B R,3
22,3281,414 B,414 B R,3
22,3283,414 B,414 B R,3
22,1268,415 A,415 A A,3
22,1277,415 A,415 A R,3
22,1391,415 A,415 A R,3
22,1393,415 A,415 A R,3
22,2194,416 A,416 A A,3
22,2196,416 A,416 A A,3
22,2210,416 A,416 A A,3
22,2215,416 A,416 A A,3
22,2218,416 A,416 A A,3
22,2363,416 A,416 A R,3
22,2368,416 A,416 A R,3
22,2372,416 A,416 A R,3
22,2375,416 A,416 A R,3
22,2381,416 A,416 A R,3
22,1462,417 A,417 A A,3
22,1464,417 A,417 A A,3
22,1473,417 A,417 A A,3
22,1484,417 A,417 A R,3
22,1492,417 A,417 A R,3
22,1494,417 A,417 A R,3
22,625,418 A,418 A A,3
22,630,418 A,418 A R,3
22,703,419 A,419 A A,3
22,708,419 A,419 A A,3
22,724,419 A,419 A A,3
22,728,419 A,419 A A,3
22,733,419 A,419 A R,3
22,739,419 A,419 A R,3
22,746,419 A,419 A R,3
22,749,419 A,419 A R,3
22,753,419 A,419 A R,3
22,2388,420 A,420 A A,3
22,2396,420 A,420 A A,3
22,2402,420 A,420 A A,3
22,2835,420 A,420 A A,3
22,2837,420 A,420 A A,3
22,2841,420 A,420 A A,3
22,2847,420 A,420 A A,3
22,2848,420 A,420 A A,3
22,3094,420 A,420 A A,3
22,3095,420 A,420 A A,3
22,3097,420 A,420 A A,3
22,2849,420 A,420 A R,3
22,2855,420 A,420 A R,3
22,2860,420 A,420 A R,3
22,2864,420 A,420 A R,3
22,2866,420 A,420 A R,3
22,2867,420 A,420 A R,3
22,2872,420 A,420 A R,3
22,1412,420 B,420 B A,3
22,1427,420 B,420 B R,3
22,2302,420 C,420 C A,3
22,2305,420 C,420 C A,3
22,2311,420 C,420 C A,3
22,2316,420 C,420 C R,3
22,2319,420 C,420 C R,3
22,2325,420 C,420 C R,3
22,2327,420 C,420 C R,3
22,2329,420 C,420 C R,3
22,2119,420 D,420 D A,3
22,2123,420 D,420 D R,3
22,1504,421 A,421 A A,3
22,1509,421 A,421 A A,3
22,1510,421 A,421 A A,3
22,1513,421 A,421 A R,3
22,1515,421 A,421 A R,3
22,1517,421 A,421 A R,3
22,1518,421 A,421 A R,3
22,744,421 B,421 B A,3
22,756,421 B,421 B A,3
22,782,421 B,421 B A,3
22,787,421 B,421 B A,3
22,1307,421 B,421 B A,3
22,1309,421 B,421 B A,3
22,1310,421 B,421 B R,3
22,1314,421 B,421 B R,3
22,1317,421 B,421 B R,3
22,757,422 A,422 A A,3
22,759,422 A,422 A R,3
22,778,423 A,423 A A,3
22,780,423 A,423 A R,3
22,783,423 A,423 A R,3
22,723,423 B,423 B A,3
22,688,424 A,424 A A,3
22,8255,424 A,424 A R,3
22,1495,426 A,426 A A,3
22,2079,426 A,426 A A,3
22,2081,426 A,426 A A,3
22,2088,426 A,426 A R,3
22,2099,426 A,426 A R,3
22,2110,426 A,426 A R,3
22,2129,426 A,426 A R,3
22,658,427 A,427 A A,3
22,680,427 A,427 A R,3
22,1408,428 A,428 A A,3
22,1417,428 A,428 A R,3
22,1436,428 B,428 B A,3
22,8243,428 B,428 B A,3
22,1456,428 B,428 B R,3
22,1458,428 B,428 B R,3
22,1260,429 A,429 A A,3
22,1265,429 A,429 A R,3
22,3070,430 A,430 A A,3
22,3071,430 A,430 A A,3
22,3073,430 A,430 A A,3
22,3075,430 A,430 A A,3
22,3078,430 A,430 A A,3
22,3082,430 A,430 A A,3
22,3091,430 A,430 A R,3
22,3125,430 A,430 A R,3
22,3130,430 A,430 A R,3
22,3134,430 A,430 A R,3
22,3142,430 A,430 A R,3
22,3146,430 A,430 A R,3
22,3072,430 B,430 B A,3
22,3074,430 B,430 B A,3
22,3076,430 B,430 B A,3
22,3077,430 B,430 B A,3
22,3079,430 B,430 B A,3
22,3080,430 B,430 B R,3
22,3081,430 B,430 B R,3
22,3084,430 B,430 B R,3
22,3086,430 B,430 B R,3
22,1477,430 C,430 C A,3
22,1485,430 C,430 C R,3
22,1490,430 C,430 C R,3
22,1496,431 A,431 A A,3
22,1501,431 A,431 A R,3
22,2410,432 A,432 A A,3
22,2680,432 A,432 A R,3
24,12,202 A,202 A A,3
24,13,202 A,202 A R,3
25,3626,221 A,221 A A,3
25,3627,221 A,221 A A,3
25,3628,221 A,221 A A,3
25,3629,221 A,221 A R,3
25,3631,221 A,221 A R,3
25,3633,221 A,221 A R,3
25,3635,221 A,221 A R,3
26,8347,2001 1,2001 1 A,3
26,8348,2001 1,2001 1 R,3
14,1934,1 A,1 A A,3
14,1936,1 A,1 A A,3
14,2253,1 A,1 A R,3
14,2149,1 B,1 B A,3
14,2174,1 B,1 B R,3
14,2189,1 C,1 C A,3
14,2232,1 C,1 C A,3
14,2241,1 C,1 C R,3
14,2245,1 C,1 C R,3
14,3530,2 A,2 A A,3
14,3535,2 B,2 B A,3
14,3537,2 B,2 B R,3
14,3539,2 C,2 C A,3
14,3541,2 C,2 C R,3
14,2986,3 A,3 A A,3
14,2990,3 A,3 A R,3
14,2994,4 A,4 A A,3
14,2999,4 A,4 A R,3
14,3469,5 A,5 A A,3
14,3471,5 A,5 A R,3
14,3472,6 A,6 A A,3
14,3473,6 A,6 A A,3
14,3477,6 A,6 A A,3
14,3479,6 A,6 A A,3
14,3480,6 A,6 A A,3
14,5537,6 A,6 A A,3
14,3484,6 A,6 A R,3
14,3486,6 A,6 A R,3
14,3488,6 A,6 A R,3
14,3489,6 A,6 A R,3
14,3490,6 A,6 A R,3
14,5538,6 A,6 A R,3
14,5489,7 A,7 A A,3
14,3498,7 A,7 A R,3
14,3505,7 A,7 A R,3
14,3022,8 A,8 A A,3
14,3024,8 A,8 A A,3
14,3031,8 A,8 A A,3
14,3034,8 A,8 A A,3
14,3280,8 A,8 A A,3
14,3285,8 A,8 A A,3
14,3288,8 A,8 A A,3
14,3290,8 A,8 A A,3
14,3291,8 A,8 A A,3
14,3293,8 A,8 A A,3
14,3297,8 A,8 A A,3
14,3263,8 A,8 A R,3
14,3266,8 A,8 A R,3
14,3267,8 A,8 A R,3
14,3269,8 A,8 A R,3
14,3270,8 A,8 A R,3
14,3272,8 A,8 A R,3
14,3274,8 A,8 A R,3
14,3275,8 A,8 A R,3
14,8206,8 A,8 A R,3
14,8181,9 A,9 A A,3
14,8182,9 A,9 A A,3
14,8183,9 A,9 A R,3
14,8205,9 A,9 A R,3
14,5030,10 A,10 A A,3
14,5031,10 A,10 A R,3
14,3011,11 A,11 A A,3
14,3014,11 A,11 A R,3
14,3017,13 A,13 A A,3
14,3020,13 A,13 A R,3
14,5503,14 2,14 2 A,3
14,5504,14 2,14 2 R,3
14,5495,14 A,14 A A,3
14,5498,14 A,14 A R,3
14,6004,15 A,15 A A,3
14,6026,15 A,15 A A,3
14,6273,15 A,15 A A,3
14,6017,15 A,15 A R,3
14,6274,15 A,15 A R,3
14,6275,15 A,15 A R,3
14,3028,16 A,16 A A,3
14,3029,16 A,16 A A,3
14,3032,16 A,16 A R,3
14,3033,16 A,16 A R,3
14,6277,17 A,17 A A,3
14,6302,17 A,17 A A,3
14,6313,17 A,17 A A,3
14,3481,17 A,17 A R,3
14,3485,17 A,17 A R,3
14,3487,17 A,17 A R,3
14,3500,17 B,17 B A,3
14,3502,17 B,17 B R,3
14,3129,18 A,18 A A,3
14,3141,18 A,18 A R,3
14,3025,19 A,19 A A,3
14,3030,19 A,19 A R,3
14,5841,20 A,20 A A,3
14,5940,20 A,20 A A,3
14,5842,20 A,20 A R,3
14,5941,20 A,20 A R,3
14,3462,21 A,21 A A,3
14,3465,21 A,21 A A,3
14,3540,21 A,21 A A,3
14,3543,21 A,21 A A,3
14,3546,21 A,21 A R,3
14,3549,21 A,21 A R,3
14,3550,21 A,21 A R,3
14,5036,22 A,22 A A,3
14,5037,22 R,22 R R,3
14,4682,23 A,23 A A,3
14,4697,23 A,23 A R,3
14,3496,24 A,24 A A,3
14,3497,24 A,24 A A,3
14,3499,24 A,24 A A,3
14,3503,24 A,24 A R,3
14,3506,24 A,24 A R,3
14,3508,24 A,24 A R,3
14,3512,24 A,24 A R,3
14,3517,24 A,24 A R,3
14,3509,25 A,25 A A,3
14,3511,25 A,25 A A,3
14,3513,25 A,25 A A,3
14,3514,25 A,25 A R,3
14,3515,25 A,25 A R,3
14,3516,26 A,26 A A,3
14,3518,26 A,26 A R,3
14,3524,156 A,156 A A,3
14,3528,156 A,156 A A,3
14,3531,156 A,156 A R,3
14,3534,156 A,156 A R,3
14,3536,156 B,156 B A,3
14,3542,156 B,156 B R,3
15,250,114 A,114 A A,3
15,252,114 A,114 A R,3
15,254,115 A,115 A A,3
15,255,115 A,115 A R,3
15,257,117 A,117 A A,3
15,258,117 A,117 A A,3
15,259,117 A,117 A R,3
15,260,117 A,117 A R,3
15,261,117 B,117 B A,3
15,262,117 B,117 B R,3
15,264,117 C,117 C A,3
15,265,117 C,117 C R,3
15,266,118 A,118 A A,3
15,267,118 A,118 A R,3
15,321,119 A,119 A A,3
15,322,119 A,119 A A,3
15,323,119 A,119 A R,3
15,324,119 A,119 A R,3
15,11,120 A,120 A A,3
15,24,120 A,120 A R,3
15,25,120 A,120 A R,3
15,369,121 A,121 A A,3
15,370,121 A,121 A R,3
15,374,122 A,122 A A,3
15,375,122 A,122 A R,3
15,377,122 B,122 B A,3
15,379,122 B,122 B R,3
15,381,123 A,123 A A,3
15,383,123 A,123 A A,3
15,385,123 A,123 A A,3
15,387,123 A,123 A R,3
15,386,123 A,123 A R,3
15,7976,123 A,123 A R,3
15,465,124 A,124 A A,3
15,467,124 A,124 A A,3
15,469,124 A,124 A A,3
15,470,124 A,124 A R,3
15,471,124 A,124 A R,3
15,472,124 A,124 A R,3
15,389,125 A,125 A A,3
15,390,125 A,125 A A,3
15,391,125 A,125 A R,3
15,392,125 A,125 A R,3
15,394,126 A,126 A A,3
15,396,126 A,126 A R,3
15,449,127 A,127 A A,3
15,450,127 A,127 A R,3
15,19,128 A,128 A A,3
15,20,128 A,128 A A,3
15,7605,128 A,128 A A,3
15,33,128 A,128 A R,3
15,7679,128 A,128 A R,3
15,7680,128 A,128 A R,3
15,7681,128 A,128 A R,3
15,461,129 A,129 A A,3
15,462,129 A,129 A A,3
15,463,129 A,129 A R,3
15,464,129 A,129 A R,3
15,451,130 A,130 A A,3
15,453,130 A,130 A R,3
15,454,131 A,131 A A,3
15,456,131 A,131 A A,3
15,457,131 A,131 A R,3
15,458,131 A,131 A R,3
15,7980,132 25,132 25 R,3
15,473,132 A,132 A A,3
15,474,132 A,132 A A,3
15,5944,132 A,132 A A,3
15,476,132 A,132 A R,3
15,5948,132 A,132 A R,3
15,7319,132 A,132 A R,3
15,475,132 A,132 A R,3
15,34,132 B,132 B A,3
15,35,132 B,132 B A,3
15,5942,132 B,132 B A,3
15,7608,132 B,132 B A,3
15,5943,132 B,132 B R,3
15,7611,132 B,132 B R,3
15,7775,132 B,132 B R,3
15,7776,132 B,132 B R,3
15,36,132 B,132 B R,3
15,8009,132 B,132 B R,3
15,22,132 C,132 C A,3
15,23,132 C,132 C R,3
15,6508,133 A,133 A A,3
15,6509,133 A,133 A R,3
15,6510,133 B,133 B A,3
15,6512,133 B,133 B R,3
15,8062,134 a,134 a A,3
15,8063,134 a,134 a R,3
15,459,134 B,134 B A,3
15,460,134 B,134 B R,3
16,371,80 A,80 A A,3
16,2490,80 A,80 A A,3
16,477,80 A,80 A R,3
16,478,80 A,80 A R,3
16,113,80 B,80 B A,3
16,115,80 B,80 B A,3
16,116,80 B,80 B A,3
16,232,80 B,80 B A,3
16,6893,80 B,80 B A,3
16,7471,80 B,80 B A,3
16,118,80 B,80 B R,3
16,119,80 B,80 B R,3
16,120,80 B,80 B R,3
16,122,80 B,80 B R,3
16,234,80 B,80 B R,3
16,6894,80 B,80 B R,3
16,7473,80 B,80 B R,3
16,2380,80 C,80 C A,3
16,7361,80 C,80 C A,3
16,2386,80 C,80 C A,3
16,2387,80 C,80 C A,3
16,2389,80 C,80 C A,3
16,2391,80 C,80 C A,3
16,2395,80 C,80 C A,3
16,2382,80 C,80 C A,3
16,7363,80 C,80 C A,3
16,7660,80 C,80 C A,3
16,7665,80 C,80 C A,3
16,2407,80 C,80 C R,3
16,2417,80 C,80 C R,3
16,2421,80 C,80 C R,3
16,2426,80 C,80 C R,3
16,2429,80 C,80 C R,3
16,4866,80 C,80 C R,3
16,7461,80 C,80 C R,3
16,7661,80 C,80 C R,3
16,7687,80 C,80 C R,3
16,481,81 A,81 A A,3
16,482,81 A,81 A R,3
16,483,81 A,81 A R,3
16,491,82 A,82 A A,3
16,494,82 A,82 A A,3
16,493,82 A,82 A A,3
16,7384,82 A,82 A A,3
16,7394,82 A,82 A A,3
16,495,82 A,82 A R,3
16,496,82 A,82 A R,3
16,7397,82 A,82 A R,3
16,7398,82 A,82 A R,3
16,7695,82 B,82 B A,3
16,7696,82 B,82 B R,3
16,2439,83 A,83 A A,3
16,2443,83 A,83 A A,3
16,2445,83 A,83 A A,3
16,2451,83 A,83 A R,3
16,2455,83 A,83 A R,3
16,2458,83 A,83 A R,3
16,497,84 A,84 A A,3
16,498,84 A,84 A A,3
16,499,84 A,84 A A,3
16,500,84 A,84 A A,3
16,501,84 A,84 A R,3
16,502,84 A,84 A R,3
16,484,84 B,84 B A,3
16,485,84 B,84 B R,3
16,2438,86 A,86 A A,3
16,2452,86 A,86 A R,3
16,489,87 A,87 A A,3
16,490,87 A,87 A R,3
16,503,88 A,88 A A,3
16,504,88 A,88 A R,3
16,524,89 A,89 A A,3
16,525,89 A,89 A A,3
16,6424,89 A,89 A A,3
16,7960,89 A,89 A A,3
16,526,89 A,89 A R,3
16,527,89 A,89 A R,3
16,6425,89 A,89 A R,3
16,7961,89 A,89 A R,3
16,528,89 B,89 B A,3
16,529,89 B,89 B R,3
16,530,90 A,90 A A,3
16,532,90 A,90 A A,3
16,533,90 A,90 A A,3
16,6489,90 A,90 A A,3
16,7391,90 A,90 A A,3
16,7392,90 A,90 A A,3
16,7399,90 A,90 A A,3
16,7403,90 A,90 A A,3
16,534,90 A,90 A R,3
16,7526,90 A,90 A R,3
16,7527,90 A,90 A R,3
16,7528,90 A,90 A R,3
16,535,90 B,90 B A,3
16,536,90 B,90 B A,3
16,537,90 B,90 B R,3
16,538,90 B,90 B R,3
16,2491,91 A,91 A A,3
16,2492,91 A,91 A A,3
16,2493,91 A,91 A A,3
16,8045,91 A,91 A A,3
16,2494,91 A,91 A R,3
16,8047,91 A,91 A R,3
16,2595,92 A,92 A A,3
16,2598,92 A,92 A A,3
16,2603,92 A,92 A A,3
16,2605,92 A,92 A A,3
16,2607,92 A,92 A A,3
16,2782,92 A,92 A A,3
16,2783,92 A,92 A A,3
16,2785,92 A,92 A A,3
16,6492,92 A,92 A A,3
16,7428,92 A,92 A A,3
16,7438,92 A,92 A A,3
16,2791,92 A,92 A R,3
16,2793,92 A,92 A R,3
16,2794,92 A,92 A R,3
16,6493,92 A,92 A R,3
16,7567,92 A,92 A R,3
16,7568,92 A,92 A R,3
16,7579,92 A,92 A R,3
16,7771,92 A,92 A R,3
16,3547,92 B,92 B A,3
16,3548,92 B,92 B R,3
16,544,93 A,93 A A,3
16,545,93 A,93 A A,3
16,547,93 A,93 A A,3
16,549,93 A,93 A A,3
16,550,93 A,93 A A,3
16,6559,93 A,93 A A,3
16,6589,93 A,93 A A,3
16,6592,93 A,93 A A,3
16,553,93 A,93 A R,3
16,554,93 A,93 A R,3
16,555,93 A,93 A R,3
16,557,93 A,93 A R,3
16,558,93 A,93 A R,3
16,2495,93 A,93 A R,3
16,6563,93 A,93 A R,3
16,6603,93 A,93 A R,3
16,6604,93 A,93 A R,3
16,559,94 A,94 A A,3
16,560,94 A,94 A R,3
16,561,94 A,94 A R,3
16,563,95 A,95 A A,3
16,565,95 A,95 A R,3
16,2567,95 B,95 B A,3
16,2571,95 B,95 B A,3
16,2578,95 B,95 B A,3
16,7371,95 B,95 B A,3
16,2583,95 B,95 B R,3
16,2586,95 B,95 B R,3
16,7372,95 B,95 B R,3
16,7505,95 B,95 B R,3
16,7510,95 B,95 B R,3
16,2513,96 A,96 A A,3
16,2516,96 A,96 A A,3
16,2523,96 A,96 A A,3
16,2526,96 A,96 A A,3
16,2529,96 A,96 A A,3
16,2534,96 A,96 A A,3
16,7413,96 A,96 A A,3
16,7415,96 A,96 A A,3
16,7668,96 A,96 A A,3
16,2540,96 A,96 A R,3
16,2543,96 A,96 A R,3
16,2546,96 A,96 A R,3
16,2548,96 A,96 A R,3
16,2554,96 A,96 A R,3
16,2556,96 A,96 A R,3
16,7669,96 A,96 A R,3
16,7812,96 A,96 A R,3
16,509,97 A,97 A A,3
16,511,97 A,97 A A,3
16,7951,97 A,97 A R,3
16,2467,99 A,99 A A,3
16,2468,99 A,99 A A,3
16,2471,99 A,99 A A,3
16,7534,99 A,99 A A,3
16,7955,99 A,99 A A,3
16,2475,99 A,99 A R,3
16,2476,99 A,99 A R,3
16,2477,99 A,99 A R,3
16,2479,99 A,99 A R,3
16,7423,99 A,99 A R,3
16,505,100 A,100 A A,3
16,506,100 A,100 A R,3
16,7975,100 A,100 A R,3
16,8006,100 A,100 A R,3
16,2531,100 B,100 B A,3
16,8008,100 B,100 B A,3
16,2539,100 B,100 B R,3
16,8007,100 B,100 B R,3
16,2542,100 B,100 B R,3
16,2545,100 B,100 B R,3
16,1928,101 A,101 A A,3
16,1929,101 A,101 A A,3
16,6369,101 R,101 R R,3
16,6391,101 R,101 R R,3
16,1930,102 A,102 A A,3
16,1932,102 A,102 A R,3
16,2500,103 A,103 A A,3
16,2506,103 A,103 A A,3
16,2514,103 A,103 A A,3
16,6822,103 A,103 A A,3
16,8019,103 A,103 A A,3
16,2520,103 A,103 A R,3
16,2521,103 A,103 A R,3
16,2525,103 A,103 A R,3
16,6833,103 A,103 A R,3
16,8020,103 A,103 A R,3
16,2466,104 A,104 A A,3
16,2469,104 A,104 A A,3
16,2472,104 A,104 A R,3
16,2474,104 A,104 A R,3
16,240,105 A,105 A A,3
16,241,105 A,105 A A,3
16,317,105 A,105 A R,3
16,318,105 A,105 A R,3
16,507,107 A,107 A A,3
16,508,107 A,107 A R,3
17,2295,108 A,108 A A,3
17,2324,108 A,108 A R,3
17,2355,108 B,108 B A,3
17,2359,108 B,108 B R,3
17,2328,109 A,109 A A,3
17,2330,109 A,109 A A,3
17,2331,109 A,109 A A,3
17,2332,109 A,109 A A,3
17,2335,109 A,109 A R,3
17,2339,109 A,109 A R,3
17,2342,109 A,109 A R,3
17,2344,109 A,109 A R,3
17,2376,110 A,110 A A,3
17,2399,110 A,110 A A,3
17,2416,110 A,110 A R,3
17,2440,110 A,110 A R,3
17,2447,110 B,110 B A,3
17,2392,110 B,110 B R,3
17,2719,110 C,110 C A,3
17,2727,110 C,110 C A,3
17,2729,110 C,110 C A,3
17,2732,110 C,110 C R,3
17,2733,110 C,110 C R,3
17,2352,111 A,111 A A,3
17,2356,111 A,111 A R,3
17,2360,111 B,111 B A,3
17,2364,111 B,111 B R,3
17,2373,112 A,112 A A,3
17,2379,112 A,112 A R,3
18,3096,27 A,27 A R,3
18,3098,27 A,27 A R,3
18,3099,27 A,27 A R,3
18,6895,27 A,27 A R,3
18,3100,27 B,27 B R,3
18,3102,27 C,27 C A,3
18,3104,27 C,27 C R,3
18,3087,27 D,27 D A,3
18,3090,27 D,27 D A,3
18,3092,27 D,27 D A,3
18,3093,27 D,27 D A,3
18,8087,27 D,27 D A,3
18,3103,28 A,28 A A,3
18,3107,28 A,28 A A,3
18,3110,28 A,28 A A,3
18,3112,28 A,28 A R,3
18,3116,28 A,28 A R,3
18,3117,28 A,28 A R,3
18,3120,28 B,28 B A,3
18,3101,29 A,29 A A,3
18,3105,29 A,29 A A,3
18,3106,29 A,29 A R,3
18,3108,29 B,29 B A,3
18,3111,30 A,30 A A,3
18,3113,30 A,30 A A,3
18,3115,30 A,30 A R,3
18,3118,30 A,30 A R,3
18,3119,30 B,30 B A,3
18,3121,30 B,30 B R,3
18,2987,31 A,31 A A,3
18,2992,31 A,31 A A,3
18,2996,31 A,31 A A,3
18,3000,31 A,31 A R,3
18,8112,31 A,31 A R,3
18,3003,31 A,31 A R,3
18,3009,31 A,31 A R,3
18,2878,31 B,31 B A,3
18,2881,31 B,31 B R,3
18,128,32 A,32 A A,3
18,129,32 A,32 A A,3
18,130,32 A,32 A R,3
18,131,32 A,32 A R,3
18,132,33 A,33 A A,3
18,133,33 A,33 A R,3
18,134,34 A,34 A A,3
18,135,34 A,34 A R,3
18,3128,35 A,35 A A,3
18,3132,35 A,35 A A,3
18,3137,35 A,35 A A,3
18,3140,35 A,35 A A,3
18,3149,35 A,35 A R,3
18,3151,35 A,35 A R,3
18,3155,35 A,35 A R,3
18,136,36 A,36 A A,3
18,137,36 A,36 A A,3
18,138,36 A,36 A R,3
18,139,36 A,36 A R,3
18,142,36 C,36 C A,3
18,143,36 C,36 C R,3
18,5028,36 C,36 C R,3
18,2915,37 A,37 A A,3
18,2916,37 A,37 A R,3
18,2917,37 A,37 A R,3
18,2909,37 C,37 C A,3
18,2910,37 C,37 C A,3
18,2911,37 C,37 C R,3
18,2912,37 C,37 C R,3
18,2893,37 D,37 D A,3
18,3551,37 D,37 D R,3
18,2897,37 E,37 E A,3
18,2908,37 E,37 E R,3
18,2913,37 F,37 F A,3
18,2914,37 F,37 F R,3
18,3174,38 A,38 A A,3
18,3175,38 A,38 A A,3
18,3179,38 A,38 A A,3
18,3183,38 A,38 A A,3
18,3187,38 A,38 A A,3
18,3192,38 A,38 A A,3
18,3195,38 A,38 A A,3
18,3200,38 A,38 A A,3
18,3203,38 A,38 A A,3
18,3205,38 A,38 A A,3
18,3215,38 A,38 A R,3
18,3219,38 A,38 A R,3
18,3225,38 A,38 A R,3
18,3226,38 A,38 A R,3
18,3228,38 A,38 A R,3
18,7022,38 A,38 A R,3
18,3231,39 A,39 A A,3
18,3122,39 B,39 B A,3
18,3127,39 B,39 B R,3
18,3135,39 B,39 B R,3
18,144,40 A,40 A A,3
18,145,40 A,40 A R,3
18,146,40 B,40 B A,3
18,147,40 B,40 B R,3
18,148,40 C,40 C A,3
18,149,40 C,40 C R,3
18,150,41 A,41 A A,3
18,151,41 A,41 A R,3
18,152,42 A,42 A A,3
18,153,42 A,42 A R,3
18,3144,43 A,43 A A,3
18,3157,43 A,43 A A,3
18,3166,43 A,43 A A,3
18,3168,43 A,43 A A,3
18,3176,43 A,43 A R,3
18,3191,43 A,43 A R,3
18,3193,43 A,43 A R,3
18,3201,43 A,43 A R,3
18,157,44 A,44 A A,3
18,158,44 A,44 A A,3
18,159,44 A,44 A A,3
18,160,44 A,44 A A,3
18,161,44 A,44 A A,3
18,162,44 A,44 A R,3
18,163,44 A,44 A R,3
18,164,44 A,44 A R,3
18,154,44 B,44 B A,3
18,155,44 B,44 B R,3
18,156,44 C,44 C R,3
18,165,45 A,45 A A,3
18,166,45 A,45 A A,3
18,167,45 A,45 A R,3
18,168,45 A,45 A R,3
18,169,46 A,46 A A,3
18,170,46 A,46 A A,3
18,171,46 A,46 A R,3
18,172,46 A,46 A R,3
18,3126,47 A,47 A A,3
18,3138,47 A,47 A A,3
18,3148,47 A,47 A R,3
18,3150,47 A,47 A R,3
18,2995,48 A,48 A A,3
18,3002,48 A,48 A A,3
18,3006,48 A,48 A A,3
18,3010,48 A,48 A R,3
18,3015,48 A,48 A R,3
18,3018,48 A,48 A R,3
18,2998,48 B,48 B A,3
18,3008,48 B,48 B A,3
18,3012,48 B,48 B A,3
18,3019,48 B,48 B R,3
18,3027,48 B,48 B R,3
18,3109,48 B,48 B R,3
18,173,49 A,49 A A,3
18,174,49 A,49 A A,3
18,175,49 A,49 A R,3
18,176,49 A,49 A R,3
18,3162,50 A,50 A A,3
18,3167,50 A,50 A A,3
18,3177,50 A,50 A R,3
18,3182,50 A,50 A R,3
18,3143,51 A,51 A A,3
18,8187,51 A,51 A A,3
18,3147,51 A,51 A A,3
18,3153,51 A,51 A A,3
18,3131,51 A,51 A R,3
18,3133,51 A,51 A R,3
18,3136,51 A,51 A R,3
18,3124,52 A,52 A A,3
18,3158,52 A,52 A R,3
18,18,53 A,53 A A,3
18,21,53 A,53 A R,3
18,7,53 B,53 B A,3
18,8,53 B,53 B A,3
18,9,53 B,53 B R,3
18,10,53 B,53 B R,3
18,26,54 A,54 A A,3
18,27,54 A,54 A A,3
18,28,54 A,54 A R,3
18,29,54 A,54 A R,3
18,30,54 A,54 A R,3
18,47,54 B,54 B R,3
18,177,55 A,55 A A,3
18,178,55 A,55 A R,3
18,179,55 B,55 B A,3
18,180,55 B,55 B R,3
18,181,55 B,55 B R,3
18,182,56 A,56 A A,3
18,183,56 A,56 A R,3
18,210,57 A,57 A A,3
18,212,57 A,57 A A,3
18,214,57 A,57 A R,3
18,216,57 A,57 A R,3
18,184,58 A,58 A A,3
18,185,58 A,58 A R,3
18,191,58 B,58 B A,3
18,195,58 B,58 B R,3
18,196,60 A,60 A A,3
18,198,60 A,60 A R,3
18,201,61 A,61 A A,3
18,202,61 A,61 A R,3
18,203,61 B,61 B A,3
18,204,61 B,61 B R,3
18,205,62 A,62 A A,3
18,207,62 A,62 A R,3
18,235,63 A,63 A A,3
18,236,63 A,63 A A,3
18,7007,63 A,63 A A,3
18,237,63 A,63 A R,3
18,7013,63 A,63 A R,3
18,208,64 A,64 A A,3
18,209,64 A,64 A R,3
18,243,65 A,65 A A,3
18,244,65 A,65 A R,3
18,3145,66 A,66 A A,3
18,3139,66 A,66 A R,3
18,3152,67 A,67 A A,3
18,3170,67 A,67 A A,3
18,3171,67 A,67 A A,3
18,3173,67 A,67 A A,3
18,3156,67 A,67 A R,3
18,3160,67 A,67 A R,3
18,3164,67 A,67 A R,3
18,3165,67 A,67 A R,3
18,3154,68 A,68 A A,3
18,3159,68 A,68 A A,3
18,3163,68 A,68 A R,3
18,3169,68 A,68 A R,3
18,3172,68 B,68 B A,3
18,3178,68 B,68 B R,3
18,3161,69 A,69 A A,3
18,3190,69 A,69 A R,3
18,8113,69 A,69 A R,3
18,3218,69 B,69 B A,3
18,3222,69 B,69 B R,3
18,3184,72 A,72 A A,3
18,3180,72 A,72 A R,3
18,3185,73 A,73 A A,3
18,3186,73 A,73 A R,3
18,8117,74 1,74 1 A,3
18,8115,74 1,74 1 R,3
18,3196,74 A,74 A A,3
18,8114,74 A,74 A A,3
18,3212,74 A,74 A R,3
18,8116,74 A,74 A R,3
18,3250,75 A,75 A A,3
18,3251,75 A,75 A A,3
18,6446,75 A,75 A R,3
18,6448,75 A,75 A R,3
18,3188,76 A,76 A A,3
18,3189,76 A,76 A R,3
18,3194,78 A,78 A A,3
18,3197,78 A,78 A A,3
18,3199,78 A,78 A A,3
18,3202,78 A,78 A A,3
18,3204,78 A,78 A A,3
18,3207,78 A,78 A A,3
18,3209,78 A,78 A A,3
18,3210,78 A,78 A A,3
18,3211,78 A,78 A A,3
18,3213,78 A,78 A R,3
18,3217,78 A,78 A R,3
18,3220,78 A,78 A R,3
18,3221,78 A,78 A R,3
18,3223,78 A,78 A R,3
18,3198,79 A,79 A A,3
18,3208,79 A,79 A A,3
18,3214,79 A,79 A R,3
18,3216,79 A,79 A R,3